year,date,symbol,name,asset_class,direction,entry,stop,t1,t2,t3,rr1,rr2,outcome,target_hit,bars_held,max_r,r,trade_context,composite,zone_id
2016,2016-06-13,AAPL,Apple,equities,long,24.475,24.12255,24.82745,25.1799,25.53236,1.0,2.0,LOSS,,1,0.0,-1.0,counter_trend,5.8,5a7169465f
2016,2016-06-20,6B=F,GBP,forex,long,1.4501,1.44225,1.45795,1.46579,1.47364,1.0,2.0,LOSS,,1,0.0,-1.0,counter_trend,7.4,08666bfc2a
2016,2016-06-20,ZS=F,Soybeans,commodities,short,1153.3455,1185.755,1120.936,1088.5265,1056.117,1.0,2.0,WIN,1.0,1,1.0,1.0,standard,6.7,68f1e89bf3
2016,2016-06-27,6C=F,CAD,forex,short,0.7606,0.77909,0.74211,0.72363,0.70514,1.0,2.0,LOSS,,1,0.0,-1.0,standard,7.7,720d1bd1f8
2016,2016-06-27,CL=F,Crude Oil,energies,short,46.6533,51.6875,41.6191,36.5849,31.5507,1.0,2.0,WIN,1.0,4,1.0,1.0,standard,7.7,dc1d0192ab
2016,2016-06-27,NQ=F,Nasdaq,equity_indices,short,4230.2655,4579.635,3880.896,3531.5265,3182.157,1.0,2.0,LOSS,,2,0.0,-1.0,standard,8.2,760b965057
2016,2016-07-18,HO=F,Heating Oil,energies,short,1.42415,1.56251,1.28579,1.14742,1.00906,1.0,2.0,WIN,1.0,1,1.0,1.0,standard,8.0,e086e99f4f
2016,2016-08-01,CC=F,Cocoa,soft_commodities,long,3197.0,2688.94,3705.06,4213.12,4721.18,1.0,2.0,LOSS,,10,0.0,-1.0,standard,8.1,2ee9e7b73a
2016,2016-08-08,HG=F,Copper,commodities,short,2.18781,2.25517,2.12045,2.05309,1.98573,1.0,2.0,WIN,1.0,2,1.0,1.0,standard,7.8,de9a644ff0
2016,2016-08-15,CL=F,Crude Oil,energies,long,43.90386,40.1892,47.61852,51.33319,55.04785,1.0,2.0,WIN,1.0,1,1.0,1.0,standard,8.7,d6eb0472f4
2016,2016-08-29,CC=F,Cocoa,soft_commodities,long,2998.0,2855.69,3140.31,3282.62,3424.93,1.0,2.0,LOSS,,1,0.0,-1.0,standard,7.1,ede518b12f
2016,2016-08-29,CT=F,Cotton,commodities,short,69.7302,72.5797,66.88071,64.03121,61.18172,1.0,2.0,WIN,1.0,2,1.0,1.0,anticipatory,9.5,2a94bd274c
2016,2016-09-12,NQ=F,Nasdaq,equity_indices,short,4802.94225,4846.32,4759.5645,4716.18675,4672.809,1.0,2.0,LOSS,,1,0.0,-1.0,standard,8.2,df640a75d8
2016,2016-09-19,CC=F,Cocoa,soft_commodities,long,2872.0,2766.93,2977.07,3082.14,3187.21,1.0,2.0,LOSS,,1,0.0,-1.0,standard,7.3,4905219c6d
2016,2016-10-10,ZN=F,10Y Note,interest_rates,long,129.78125,129.13703,130.42547,131.06969,131.71391,1.0,2.0,WIN,1.0,1,1.0,1.0,standard,8.1,01ae115b11
2016,2016-10-17,HG=F,Copper,commodities,short,2.15025,2.20989,2.09061,2.03098,1.97134,1.0,2.0,WIN,1.0,1,1.0,1.0,standard,9.3,3517932408
2016,2016-10-17,ZC=F,Corn,commodities,long,343.375,332.43625,354.31375,365.2525,376.19125,1.0,2.0,WIN,1.0,1,1.0,1.0,standard,9.5,c44aa66635
2016,2016-12-05,6E=F,Euro FX,forex,long,1.08128,1.04136,1.1212,1.16111,1.20103,1.0,2.0,LOSS,,1,0.0,-1.0,standard,9.2,428a456cf8
2017,2017-01-02,EURUSD=X,EUR/USD,forex,long,1.05357,1.03635,1.07079,1.08801,1.10523,1.0,2.0,WIN,1.0,2,1.0,1.0,standard,4.7,b2a9ec2265
2017,2017-02-06,6E=F,Euro FX,forex,long,1.06765,1.03805,1.09725,1.12685,1.15645,1.0,2.0,WIN,1.0,12,1.0,1.0,standard,8.7,ed7c470b7f
2017,2017-03-13,GC=F,Gold,precious_metals,long,1231.45001,1202.16954,1260.73049,1290.01096,1319.29144,1.0,2.0,WIN,1.0,3,1.0,1.0,standard,8.4,ea7c33eabe
2017,2017-04-17,AUDUSD=X,AUD/USD,forex,long,0.75167,0.74661,0.75673,0.76179,0.76685,1.0,2.0,LOSS,,1,0.0,-1.0,standard,4.2,e9b39fd683
2017,2017-05-01,6B=F,GBP,forex,long,1.2723,1.26575,1.27885,1.2854,1.29195,1.0,2.0,WIN,3.0,1,3.0,3.0,standard,9.0,2e729c0dbb
2017,2017-05-15,EURUSD=X,EUR/USD,forex,short,1.08654,1.0999,1.07319,1.05984,1.04649,1.0,2.0,LOSS,,1,0.0,-1.0,standard,4.3,8d423ce547
2017,2017-05-22,6E=F,Euro FX,forex,short,1.11565,1.13739,1.0939,1.07216,1.05041,1.0,2.0,LOSS,,5,0.0,-1.0,standard,8.4,77b1831efb
2017,2017-05-29,PL=F,Platinum,precious_metals,long,972.09998,943.90404,1000.29591,1028.49185,1056.68778,1.0,2.0,LOSS,,1,0.0,-1.0,standard,8.2,747257bd29
2017,2017-06-05,6A=F,AUD,forex,long,0.74745,0.73965,0.75524,0.76304,0.77083,1.0,2.0,WIN,2.0,1,2.0,2.0,standard,8.9,0d276cd526
2017,2017-06-19,EURUSD=X,EUR/USD,forex,short,1.1154,1.13203,1.09877,1.08214,1.0655,1.0,2.0,LOSS,,1,0.0,-1.0,standard,4.3,a602e1733b
2017,2017-06-26,EURUSD=X,EUR/USD,forex,short,1.12104,1.12764,1.11444,1.10784,1.10124,1.0,2.0,LOSS,,1,0.0,-1.0,standard,4.3,8123bcc953
2017,2017-07-03,CT=F,Cotton,commodities,long,73.99,71.0906,76.8894,79.7888,82.6882,1.0,2.0,LOSS,,1,0.0,-1.0,standard,8.0,04500c01cb
2017,2017-07-03,SI=F,Silver,precious_metals,long,16.054,15.58318,16.52482,16.99564,17.46646,1.0,2.0,LOSS,,1,0.0,-1.0,standard,8.5,dc2a3cd245
2017,2017-07-10,HO=F,Heating Oil,energies,long,1.42555,1.33419,1.51691,1.60827,1.69963,1.0,2.0,WIN,1.0,1,1.0,1.0,standard,8.3,dba8ac2f11
2017,2017-07-17,CL=F,Crude Oil,energies,long,46.32628,44.5643,48.08826,49.85023,51.61221,1.0,2.0,WIN,1.0,1,1.0,1.0,standard,8.3,621e1258ec
2017,2017-08-07,ZC=F,Corn,commodities,long,379.625,352.28625,406.96375,434.3025,461.64125,1.0,2.0,LOSS,,1,0.0,-1.0,standard,10.3,09523f1bae
2017,2017-08-07,ZS=F,Soybeans,commodities,short,977.125,1022.55625,931.69375,886.2625,840.83125,1.0,2.0,WIN,1.0,1,1.0,1.0,standard,8.6,5bee940a7a
2017,2017-08-21,USDJPY=X,USD/JPY,forex,short,110.792,113.29833,108.28567,105.77934,103.27302,1.0,2.0,WIN,1.0,2,1.0,1.0,standard,4.7,27d3c75995
2017,2017-09-04,NG=F,Nat Gas,nat_gas,long,2.932,2.79693,3.06707,3.20214,3.33721,1.0,2.0,WIN,1.0,1,1.0,1.0,standard,8.4,cd9b1aa579
2017,2017-09-11,CT=F,Cotton,commodities,long,71.375,67.24875,75.50125,79.6275,83.75375,1.0,2.0,LOSS,,5,0.0,-1.0,standard,9.4,3b4ec3c9fe
2017,2017-09-18,ZC=F,Corn,commodities,long,352.0,328.245,375.755,399.51,423.265,1.0,2.0,WIN,1.0,23,1.0,1.0,standard,8.2,470f412aeb
2017,2017-09-25,ZS=F,Soybeans,commodities,long,959.375,907.84875,1010.90125,1062.4275,1113.95375,1.0,2.0,WIN,1.0,10,1.0,1.0,standard,9.1,0b0e15a0f8
2017,2017-10-02,ZS=F,Soybeans,commodities,long,976.976,948.4025,1005.5495,1034.123,1062.6965,1.0,2.0,WIN,1.0,9,1.0,1.0,standard,8.3,662c7e6bae
2017,2017-10-09,ZC=F,Corn,commodities,long,352.0,328.245,375.755,399.51,423.265,1.0,2.0,WIN,1.0,20,1.0,1.0,standard,8.0,db19e43b2d
2017,2017-10-09,ZW=F,Wheat,commodities,short,435.0645,449.1325,420.9965,406.9285,392.8605,1.0,2.0,WIN,1.0,3,1.0,1.0,standard,8.3,4027520218
2017,2017-10-30,PL=F,Platinum,precious_metals,long,914.40002,913.20299,915.59706,916.79409,917.99112,1.0,2.0,WIN,3.0,1,3.0,3.0,standard,8.5,765e3a6475
2017,2017-11-06,SI=F,Silver,precious_metals,long,17.677,16.42813,18.92587,20.17474,21.42361,1.0,2.0,LOSS,,3,0.0,-1.0,standard,8.8,097a533d35
2017,2017-11-20,NG=F,Nat Gas,nat_gas,long,3.0115,2.75179,3.27121,3.53091,3.79061,1.0,2.0,LOSS,,2,0.19,-1.0,standard,7.7,1d1a05394c
2017,2017-11-27,6S=F,CHF,forex,long,1.00965,0.99702,1.02228,1.03491,1.04754,1.0,2.0,WIN,1.0,3,1.0,1.0,standard,9.3,37953493a0
2017,2017-12-04,SB=F,Sugar,soft_commodities,long,14.595,13.90085,15.28915,15.9833,16.67745,1.0,2.0,LOSS,,1,0.0,-1.0,standard,9.7,87ba59ea27
2018,2018-01-01,NG=F,Nat Gas,nat_gas,long,3.175,2.67226,3.67774,4.18048,4.68322,1.0,2.0,LOSS,,5,0.66,-1.0,standard,8.6,8f1e71517b
2018,2018-02-26,SI=F,Silver,precious_metals,long,16.693,16.44961,16.93639,17.17978,17.42317,1.0,2.0,LOSS,,1,0.0,-1.0,standard,8.5,dda169ae21
2018,2018-04-02,AUDUSD=X,AUD/USD,forex,long,0.76826,0.74427,0.79226,0.81625,0.84024,1.0,2.0,LOSS,,5,0.35,-1.0,standard,4.5,7acc7574a3
2018,2018-04-16,6C=F,CAD,forex,long,0.78088,0.77185,0.78991,0.79893,0.80796,1.0,2.0,LOSS,,3,0.0,-1.0,standard,8.7,c6751ddcd2
2018,2018-04-16,META,Meta,equities,long,161.26111,145.0336,177.48861,193.71611,209.94361,1.0,2.0,WIN,1.0,2,1.0,1.0,standard,8.0,05cf0132ea
2018,2018-04-30,META,Meta,equities,long,168.49833,164.16709,172.82957,177.1608,181.49204,1.0,2.0,WIN,3.0,1,3.0,3.0,anticipatory,7.7,8d0e8bc990
2018,2018-05-14,META,Meta,equities,long,161.22106,154.5829,167.85921,174.49736,181.13552,1.0,2.0,WIN,3.0,1,3.0,3.0,anticipatory,7.7,2c427457ae
2018,2018-05-21,6B=F,GBP,forex,long,1.3414,1.33448,1.34832,1.35523,1.36215,1.0,2.0,LOSS,,1,0.0,-1.0,standard,8.1,a5b07dd0ec
2018,2018-05-28,HG=F,Copper,commodities,long,3.08,3.0288,3.13121,3.18241,3.23361,1.0,2.0,WIN,3.0,1,3.0,3.0,standard,7.7,a9acd97d05
2018,2018-06-04,6A=F,AUD,forex,long,0.7556,0.74018,0.77102,0.78644,0.80186,1.0,2.0,LOSS,,2,0.0,-1.0,standard,9.4,a544ed7578
2018,2018-06-04,GC=F,Gold,precious_metals,long,1294.09998,1286.25294,1301.94701,1309.79404,1317.64107,1.0,2.0,LOSS,,1,0.0,-1.0,standard,8.0,43592c8a14
2018,2018-07-30,6C=F,CAD,forex,long,0.75967,0.75311,0.76624,0.7728,0.77936,1.0,2.0,WIN,1.0,1,1.0,1.0,standard,8.9,7ae476df96
2018,2018-07-30,6S=F,CHF,forex,long,1.0118,1.00449,1.01911,1.02643,1.03374,1.0,2.0,LOSS,,2,0.0,-1.0,standard,10.0,4c253555a9
2018,2018-08-06,CC=F,Cocoa,soft_commodities,long,2129.127,2004.64,2253.614,2378.101,2502.588,1.0,2.0,WIN,1.0,2,1.0,1.0,counter_trend,8.6,130291f698
2018,2018-09-03,NG=F,Nat Gas,nat_gas,long,3.175,2.36769,3.98231,4.78962,5.59693,1.0,2.0,WIN,2.0,10,2.0,2.0,standard,8.3,c661b17598
2018,2018-09-10,NG=F,Nat Gas,nat_gas,long,2.81681,2.73154,2.90209,2.98736,3.07264,1.0,2.0,WIN,2.0,1,2.0,2.0,standard,8.5,e3cc61835f
2018,2018-09-10,ZC=F,Corn,commodities,long,353.5,348.18,358.82,364.14,369.46,1.0,2.0,LOSS,,1,0.0,-1.0,standard,8.5,c5cba50edd
2018,2018-10-01,6C=F,CAD,forex,long,0.7735,0.75974,0.78726,0.80102,0.81478,1.0,2.0,LOSS,,4,0.0,-1.0,standard,8.7,f88201f835
2018,2018-10-22,CL=F,Crude Oil,energies,short,69.36057,73.42,65.30114,61.24171,57.18228,1.0,2.0,WIN,1.0,1,1.0,1.0,standard,9.3,08ad5fb52f
2018,2018-11-05,HO=F,Heating Oil,energies,short,2.29031,2.37719,2.20343,2.11655,2.02966,1.0,2.0,WIN,2.0,1,2.0,2.0,standard,9.0,091fe5dfcd
2018,2018-12-10,6S=F,CHF,forex,long,1.0098,0.99423,1.02537,1.04094,1.0565,1.0,2.0,WIN,1.0,2,1.0,1.0,standard,8.5,fca0b4721d
2018,2018-12-24,ZB=F,30Y Bond,interest_rates,short,144.75,146.86969,142.63031,140.51063,138.39094,1.0,2.0,LOSS,,1,0.0,-1.0,standard,8.0,faab2311ab
2019,2019-02-11,SB=F,Sugar,soft_commodities,long,12.58,12.2342,12.9258,13.2716,13.6174,1.0,2.0,WIN,2.0,1,2.0,2.0,standard,8.4,0b776da035
2019,2019-02-18,BTC-USD,Bitcoin,crypto,long,3690.18823,3580.4759,3799.90057,3909.6129,4019.32524,1.0,2.0,WIN,2.0,1,2.0,2.0,standard,8.0,6358d57e5e
2019,2019-02-18,SB=F,Sugar,soft_commodities,long,13.12,12.1225,14.1175,15.115,16.1125,1.0,2.0,LOSS,,2,0.0,-1.0,standard,9.9,ead3c84c40
2019,2019-02-25,NG=F,Nat Gas,nat_gas,long,2.97297,2.72927,3.21667,3.46037,3.70407,1.0,2.0,LOSS,,3,0.0,-1.0,standard,8.5,3d038cc8a1
2019,2019-03-11,AUDUSD=X,AUD/USD,forex,long,0.70987,0.69997,0.71976,0.72966,0.73956,1.0,2.0,WIN,1.0,5,1.0,1.0,standard,4.1,d1e13013e6
2019,2019-03-18,NVDA,NVIDIA,equities,long,3.956,3.37852,4.53348,5.11096,5.68844,1.0,2.0,WIN,1.0,1,1.0,1.0,anticipatory,8.2,3a55c60e55
2019,2019-03-25,ZC=F,Corn,commodities,long,371.75,361.3975,382.1025,392.455,402.8075,1.0,2.0,LOSS,,1,0.0,-1.0,standard,8.5,4089253f67
2019,2019-04-01,AUDUSD=X,AUD/USD,forex,long,0.70987,0.69997,0.71976,0.72966,0.73956,1.0,2.0,WIN,1.0,2,1.0,1.0,standard,6.1,63a22c8e3c
2019,2019-04-01,ZS=F,Soybeans,commodities,long,907.4065,896.8575,917.9555,928.5045,939.0535,1.0,2.0,LOSS,,1,0.0,-1.0,anticipatory,8.8,d5a15d37f6
2019,2019-04-15,6A=F,AUD,forex,long,0.71742,0.70992,0.72492,0.73242,0.73992,1.0,2.0,LOSS,,1,0.0,-1.0,standard,8.3,326ae8928f
2019,2019-05-06,GBPUSD=X,GBP/USD,forex,long,1.33182,1.28448,1.37917,1.42651,1.47386,1.0,2.0,LOSS,,1,0.0,-1.0,standard,4.0,15f3055475
2019,2019-05-13,HG=F,Copper,commodities,long,2.741,2.64857,2.83344,2.92587,3.0183,1.0,2.0,LOSS,,2,0.0,-1.0,standard,8.5,8f18263d3b
2019,2019-05-20,AUDUSD=X,AUD/USD,forex,long,0.69403,0.68901,0.69905,0.70407,0.70909,1.0,2.0,WIN,1.0,2,1.0,1.0,standard,4.4,330dc33e93
2019,2019-05-27,SI=F,Silver,precious_metals,long,14.565,14.44929,14.68071,14.79642,14.91213,1.0,2.0,WIN,3.0,1,3.0,3.0,standard,8.4,6a1ad84741
2019,2019-06-17,PL=F,Platinum,precious_metals,long,795.70001,790.64603,800.754,805.80798,810.86196,1.0,2.0,WIN,3.0,1,3.0,3.0,standard,8.1,c8e27d4310
2019,2019-07-01,6C=F,CAD,forex,short,0.76335,0.77353,0.75318,0.743,0.73283,1.0,2.0,WIN,1.0,5,1.0,1.0,standard,8.3,abfb1db666
2019,2019-07-01,6E=F,Euro FX,forex,long,1.1255,1.10881,1.14219,1.15888,1.17557,1.0,2.0,LOSS,,4,0.11,-1.0,standard,8.7,5f2b29412d
2019,2019-07-08,HO=F,Heating Oil,energies,long,1.9115,1.8051,2.0179,2.1243,2.2307,1.0,2.0,LOSS,,4,0.0,-1.0,standard,7.9,51e8b038eb
2019,2019-07-08,NG=F,Nat Gas,nat_gas,long,2.391,2.14044,2.64156,2.89212,3.14268,1.0,2.0,LOSS,,3,0.0,-1.0,standard,9.2,e1d2ca26d3
2019,2019-07-22,6C=F,CAD,forex,short,0.76404,0.76906,0.75901,0.75399,0.74897,1.0,2.0,WIN,1.0,1,1.0,1.0,standard,9.8,7e71e47be1
2019,2019-07-29,HG=F,Copper,commodities,long,2.706,2.66676,2.74524,2.78447,2.8237,1.0,2.0,LOSS,,1,0.0,-1.0,standard,8.7,d239864015
2019,2019-08-05,6C=F,CAD,forex,short,0.75689,0.76284,0.75095,0.745,0.73906,1.0,2.0,WIN,1.0,1,1.0,1.0,standard,9.4,3f1e43a0fe
2019,2019-08-12,6E=F,Euro FX,forex,long,1.12565,1.10836,1.14294,1.16023,1.17752,1.0,2.0,LOSS,,1,0.0,-1.0,standard,7.0,e417387375
2019,2019-09-09,6E=F,Euro FX,forex,long,1.10846,1.10037,1.11655,1.12464,1.13273,1.0,2.0,LOSS,,1,0.0,-1.0,standard,7.4,5e1dbb08f7
2019,2019-09-16,CT=F,Cotton,commodities,long,59.71966,58.3167,61.12262,62.52558,63.92853,1.0,2.0,WIN,3.0,3,3.0,3.0,standard,9.4,1869e68af4
2019,2019-09-30,ZC=F,Corn,commodities,long,371.875,355.23125,388.51875,405.1625,421.80625,1.0,2.0,WIN,1.0,1,1.0,1.0,counter_trend,9.8,2dbebc1b75
2019,2019-10-14,GBPUSD=X,GBP/USD,forex,short,1.24176,1.27895,1.20458,1.16739,1.1302,1.0,2.0,LOSS,,1,0.0,-1.0,standard,4.2,0da3b4a6fd
2019,2019-11-18,HO=F,Heating Oil,energies,short,1.91798,1.98507,1.85089,1.7838,1.71671,1.0,2.0,LOSS,,3,0.58,-1.0,anticipatory,9.7,8cf907695a
2020,2020-03-02,META,Meta,equities,long,192.93274,178.21641,207.64908,222.36542,237.08176,1.0,2.0,LOSS,,1,0.0,-1.0,counter_trend,7.7,23d50cb723
2020,2020-03-02,ZC=F,Corn,commodities,long,381.5,355.2325,407.7675,434.035,460.3025,1.0,2.0,LOSS,,2,0.0,-1.0,standard,9.2,466ed591d9
2020,2020-03-09,AMZN,Amazon,equities,long,90.9255,85.37208,96.47891,102.03233,107.58574,1.0,2.0,LOSS,,1,0.0,-1.0,counter_trend,7.9,f5a916f583
2020,2020-03-16,MSFT,Microsoft,equities,long,138.89999,133.2741,144.52589,150.15178,155.77768,1.0,2.0,WIN,3.0,1,3.0,3.0,standard,8.0,8a511b1edc
2020,2020-04-06,GOOGL,Google,equities,long,58.146,52.30464,63.98736,69.82872,75.67007,1.0,2.0,WIN,1.0,1,1.0,1.0,anticipatory,9.1,1d183a1ad0
2020,2020-04-06,META,Meta,equities,long,163.34,146.7017,179.97829,196.61658,213.25487,1.0,2.0,WIN,1.0,1,1.0,1.0,standard,8.4,e99f55d018
2020,2020-04-20,6E=F,Euro FX,forex,long,1.09115,1.08204,1.10026,1.10937,1.11848,1.0,2.0,LOSS,,1,0.0,-1.0,standard,8.1,fb6e8f32de
2020,2020-05-04,CC=F,Cocoa,soft_commodities,long,2479.0,2361.96,2596.04,2713.08,2830.12,1.0,2.0,LOSS,,2,0.0,-1.0,standard,8.5,121693a79f
2020,2020-06-01,EURUSD=X,EUR/USD,forex,short,1.10593,1.11692,1.09495,1.08396,1.07298,1.0,2.0,LOSS,,1,0.0,-1.0,standard,6.8,e5e29b104c
2020,2020-07-06,KC=F,Coffee,soft_commodities,long,98.8,94.6105,102.9895,107.17901,111.36851,1.0,2.0,LOSS,,1,0.0,-1.0,standard,7.5,67fa21f879
2020,2020-07-27,6B=F,GBP,forex,short,1.2896,1.33043,1.24877,1.20794,1.16711,1.0,2.0,LOSS,,4,0.0,-1.0,standard,8.4,7908119347
2020,2020-08-10,ZW=F,Wheat,commodities,long,498.75,481.46,516.04,533.33,550.62,1.0,2.0,WIN,1.0,1,1.0,1.0,standard,8.5,bbf355ad5f
2020,2020-09-21,RTY=F,Russell 2000,equity_indices,short,1514.70001,1600.42993,1428.97009,1343.24017,1257.51026,1.0,2.0,LOSS,,2,0.0,-1.0,standard,7.0,9a32e1467b
2020,2020-09-28,6C=F,CAD,forex,short,0.75462,0.76584,0.74341,0.73219,0.72098,1.0,2.0,LOSS,,5,0.33,-1.0,standard,8.9,bb1622e048
2020,2020-11-09,CC=F,Cocoa,soft_commodities,long,2400.0,2305.57,2494.43,2588.86,2683.29,1.0,2.0,WIN,3.0,1,3.0,3.0,standard,8.8,76afdefedd
2021,2021-01-04,GBPUSD=X,GBP/USD,forex,short,1.3422,1.3588,1.3256,1.309,1.29241,1.0,2.0,LOSS,,1,0.0,-1.0,standard,6.3,fcb12fe617
2021,2021-01-18,CL=F,Crude Oil,energies,short,51.77817,54.49,49.06634,46.35451,43.64268,1.0,2.0,LOSS,,2,0.0,-1.0,standard,9.2,ba6d78af9e
2021,2021-02-22,GC=F,Gold,precious_metals,long,1806.09998,1747.84607,1864.35388,1922.60778,1980.86168,1.0,2.0,LOSS,,1,0.0,-1.0,standard,7.5,8fdb9b3e40
2021,2021-04-19,SI=F,Silver,precious_metals,short,25.417,26.46504,24.36896,23.32092,22.27288,1.0,2.0,LOSS,,1,0.0,-1.0,standard,9.0,f14cb55099
2021,2021-05-17,YM=F,Dow Jones,equity_indices,short,34576.389,35128.37,34024.408,33472.427,32920.446,1.0,2.0,WIN,2.0,4,2.0,2.0,standard,8.2,c572074f49
2021,2021-05-24,CC=F,Cocoa,soft_commodities,long,2474.0,2158.79,2789.21,3104.42,3419.63,1.0,2.0,WIN,1.0,19,1.0,1.0,standard,8.0,eef4551612
2021,2021-07-26,CC=F,Cocoa,soft_commodities,long,2418.0,2177.27,2658.73,2899.46,3140.19,1.0,2.0,WIN,1.0,3,1.0,1.0,standard,7.5,d18f6908fd
2021,2021-08-02,6J=F,JPY,forex,long,0.00911,0.009,0.00922,0.00933,0.00945,1.01,2.02,LOSS,,8,0.14,-1.0,standard,7.7,70885c960c
2021,2021-09-06,AUDUSD=X,AUD/USD,forex,long,0.73479,0.71437,0.7552,0.77562,0.79604,1.0,2.0,WIN,1.0,7,1.0,1.0,standard,4.1,91c58b85a9
2021,2021-09-13,ZW=F,Wheat,commodities,short,698.55075,713.88,683.2215,667.89225,652.563,1.0,2.0,LOSS,,1,0.0,-1.0,standard,9.3,c69030c0dd
2021,2021-09-20,YM=F,Dow Jones,equity_indices,short,34472.493,35190.62,33754.366,33036.239,32318.112,1.0,2.0,WIN,1.0,1,1.0,1.0,standard,8.6,4cd87e9866
2021,2021-09-27,6J=F,JPY,forex,long,0.00915,0.00906,0.00923,0.00932,0.0094,1.0,2.0,LOSS,,1,0.0,-1.0,standard,7.4,f93fc28b2d
2021,2021-10-18,PL=F,Platinum,precious_metals,long,976.87592,940.38901,1013.36284,1049.84976,1086.33667,1.0,2.0,WIN,2.0,1,2.0,2.0,counter_trend,9.3,22233d8525
2021,2021-10-25,GC=F,Gold,precious_metals,short,1808.69995,1842.21605,1775.18385,1741.66776,1708.15166,1.0,2.0,WIN,1.0,1,1.0,1.0,standard,8.8,074e1bed94
2021,2021-11-08,6A=F,AUD,forex,long,0.73075,0.71818,0.74332,0.75589,0.76846,1.0,2.0,LOSS,,2,0.0,-1.0,standard,8.5,dfb1b5c1ad
2021,2021-11-15,6A=F,AUD,forex,long,0.73845,0.70148,0.77542,0.8124,0.84937,1.0,2.0,LOSS,,2,0.0,-1.0,standard,8.1,36d484f3d4
2021,2021-12-20,CL=F,Crude Oil,energies,long,67.72,64.4349,71.0051,74.2902,77.57531,1.0,2.0,WIN,2.0,1,2.0,2.0,counter_trend,7.5,37d653b1f7
2021,2021-12-20,RTY=F,Russell 2000,equity_indices,short,2313.59998,2476.07602,2151.12393,1988.64788,1826.17183,1.0,2.0,WIN,1.0,3,1.0,1.0,standard,7.5,dc2b1f1112
2022,2022-01-03,6S=F,CHF,forex,short,1.0818,1.10667,1.05693,1.03206,1.00719,1.0,2.0,WIN,1.0,15,1.0,1.0,standard,7.5,a1bca192e0
2022,2022-01-03,SI=F,Silver,precious_metals,long,22.76274,22.05505,23.47043,24.17812,24.88581,1.0,2.0,WIN,2.0,2,2.0,2.0,counter_trend,8.6,7ec296effe
2022,2022-01-17,EURUSD=X,EUR/USD,forex,long,1.13668,1.12326,1.1501,1.16352,1.17694,1.0,2.0,LOSS,,1,0.0,-1.0,standard,4.8,e81d832903
2022,2022-01-31,6A=F,AUD,forex,long,0.7268,0.71253,0.74107,0.75535,0.76962,1.0,2.0,LOSS,,1,0.0,-1.0,standard,8.4,d40026fdde
2022,2022-01-31,META,Meta,equities,long,328.66834,311.16969,346.16698,363.66563,381.16427,1.0,2.0,LOSS,,1,0.0,-1.0,standard,7.7,bd05da5f9a
2022,2022-02-07,SI=F,Silver,precious_metals,long,23.487,21.91095,25.06305,26.6391,28.21515,1.0,2.0,WIN,1.0,2,1.0,1.0,standard,7.8,db7ce61b61
2022,2022-02-14,YM=F,Dow Jones,equity_indices,long,34333.0,33895.43,34770.57,35208.14,35645.71,1.0,2.0,LOSS,,1,0.0,-1.0,standard,7.7,1b2b69e381
2022,2022-03-07,6A=F,AUD,forex,long,0.71655,0.69928,0.73382,0.75109,0.76836,1.0,2.0,WIN,1.0,1,1.0,1.0,counter_trend,9.8,458304aeb4
2022,2022-04-04,ZS=F,Soybeans,commodities,short,1643.125,1770.20125,1516.04875,1388.9725,1261.89625,1.0,2.0,LOSS,,9,0.0,-1.0,standard,9.0,8df648ddf3
2022,2022-04-11,PL=F,Platinum,precious_metals,long,955.85492,938.54096,973.16889,990.48285,1007.79682,1.0,2.0,WIN,3.0,1,3.0,3.0,anticipatory,8.3,23325939b2
2022,2022-04-18,META,Meta,equities,long,209.86999,177.88351,241.85648,273.84296,305.82945,1.0,2.0,LOSS,,1,0.0,-1.0,standard,7.1,b4e44251ac
2022,2022-04-18,NVDA,NVIDIA,equities,long,21.793,20.28877,23.29723,24.80146,26.30568,1.0,2.0,LOSS,,1,0.0,-1.0,counter_trend,8.1,3381015f2f
2022,2022-04-25,YM=F,Dow Jones,equity_indices,short,34600.365,35669.74,33530.99,32461.615,31392.24,1.0,2.0,WIN,2.0,1,2.0,2.0,standard,8.2,f43cef4fae
2022,2022-05-30,HG=F,Copper,commodities,long,4.2975,4.17514,4.41986,4.54222,4.66458,1.0,2.0,WIN,1.0,1,1.0,1.0,counter_trend,8.2,f8d1cad502
2022,2022-06-06,ES=F,S&P 500,equity_indices,long,4577.25,3944.835,5209.665,5842.08,6474.495,1.0,2.0,LOSS,,1,0.0,-1.0,standard,8.2,35ae738c1b
2022,2022-07-04,6S=F,CHF,forex,long,1.03163,1.02023,1.04304,1.05444,1.06584,1.0,2.0,LOSS,,1,0.0,-1.0,standard,8.8,23f9f073dc
2022,2022-08-01,USDJPY=X,USD/JPY,forex,short,136.1805,139.92185,132.43916,128.69782,124.95647,1.0,2.0,WIN,1.0,1,1.0,1.0,standard,4.4,5cd41ada62
2022,2022-09-05,CC=F,Cocoa,soft_commodities,long,2400.0,2271.47,2528.53,2657.06,2785.59,1.0,2.0,LOSS,,2,0.0,-1.0,standard,10.3,efc735984f
2022,2022-09-12,ES=F,S&P 500,equity_indices,long,3992.73875,3848.7675,4136.71,4280.68125,4424.6525,1.0,2.0,LOSS,,1,0.0,-1.0,standard,9.1,676da2c1a3
2022,2022-10-03,NG=F,Nat Gas,nat_gas,short,7.63935,8.09654,7.18216,6.72498,6.26779,1.0,2.0,WIN,2.0,1,2.0,2.0,standard,9.0,d839a90ba6
2022,2022-10-31,BTC-USD,Bitcoin,crypto,long,19256.62215,18617.05406,19896.19024,20535.75833,21175.32641,1.0,2.0,WIN,2.0,1,2.0,2.0,standard,8.4,3925501ee0
2022,2022-10-31,ETH-USD,Ethereum,crypto,long,1360.07483,1210.90386,1509.2458,1658.41677,1807.58774,1.0,2.0,LOSS,,1,0.0,-1.0,standard,9.2,f9d0124943
2022,2022-11-07,CL=F,Crude Oil,energies,long,89.74966,84.207,95.29233,100.835,106.37767,1.0,2.0,LOSS,,1,0.0,-1.0,standard,7.5,3f67a16b29
2022,2022-12-05,GOOGL,Google,equities,long,98.345,89.09835,107.59165,116.8383,126.08495,1.0,2.0,LOSS,,2,0.0,-1.0,standard,8.0,3b048a7dac
2023,2023-01-02,KC=F,Coffee,soft_commodities,long,156.6565,154.505,158.808,160.9595,163.111,1.0,2.0,LOSS,,1,0.0,-1.0,standard,8.0,736352a01a
2023,2023-01-16,AMZN,Amazon,equities,long,86.4864,79.7899,93.1829,99.8794,106.57591,1.0,2.0,WIN,2.0,1,2.0,2.0,standard,9.4,d486e1c130
2023,2023-01-16,NFLX,Netflix,equities,long,32.96794,30.50376,35.43211,37.89629,40.36046,1.0,2.0,WIN,1.0,1,1.0,1.0,anticipatory,9.7,bf1ab9f3fe
2023,2023-01-23,BTC-USD,Bitcoin,crypto,long,17259.25488,16124.30561,18394.20415,19529.15342,20664.10269,1.0,2.0,WIN,3.0,1,3.0,3.0,standard,9.3,95a701aa71
2023,2023-01-23,GOOGL,Google,equities,long,93.70361,89.6466,97.76062,101.81764,105.87465,1.0,2.0,WIN,3.0,1,3.0,3.0,standard,9.0,766b428d6a
2023,2023-03-20,AAPL,Apple,equities,long,152.735,144.69445,160.77555,168.8161,176.85666,1.0,2.0,WIN,1.0,1,1.0,1.0,anticipatory,9.9,849235435d
2023,2023-03-27,ZS=F,Soybeans,commodities,short,1511.125,1568.64375,1453.60625,1396.0875,1338.56875,1.0,2.0,WIN,1.0,4,1.0,1.0,standard,9.3,b5a3242066
2023,2023-06-12,ZC=F,Corn,commodities,long,613.86325,589.31,638.4165,662.96975,687.523,1.0,2.0,WIN,2.0,1,2.0,2.0,anticipatory,8.2,c754252857
2023,2023-06-26,PL=F,Platinum,precious_metals,long,946.40002,871.38799,1021.41206,1096.42409,1171.43612,1.0,2.0,LOSS,,14,0.37,-1.0,standard,7.8,45aeaca906
2023,2023-08-14,PL=F,Platinum,precious_metals,long,904.5,895.58898,913.41102,922.32203,931.23305,1.0,2.0,WIN,3.0,1,3.0,3.0,counter_trend,8.6,2e371bfe84
2023,2023-08-21,6J=F,JPY,forex,long,0.00688,0.0068,0.00695,0.00703,0.00711,1.0,2.01,LOSS,,2,0.0,-1.0,standard,7.7,98d44f5e3a
2023,2023-08-21,CL=F,Crude Oil,energies,long,81.01,57.9079,104.11211,127.21421,150.31631,1.0,2.0,OPEN,,0,0.42,0.0,standard,7.9,d617f3080d
2023,2023-10-02,6B=F,GBP,forex,short,1.2621,1.28084,1.24336,1.22462,1.20588,1.0,2.0,WIN,2.0,1,2.0,2.0,standard,8.9,7b7688ec94
2023,2023-10-16,GC=F,Gold,precious_metals,long,1970.5,1855.455,2085.545,2200.59,2315.635,1.0,2.0,WIN,1.0,7,1.0,1.0,anticipatory,8.4,a4ae40d5bd
2023,2023-10-23,CL=F,Crude Oil,energies,short,83.51,93.1791,73.84091,64.17181,54.50272,1.0,2.0,WIN,1.0,3,1.0,1.0,standard,9.5,48b20ab278
2023,2023-10-23,CT=F,Cotton,commodities,short,84.955,89.28235,80.62764,76.30029,71.97293,1.0,2.0,WIN,1.0,1,1.0,1.0,standard,9.0,f8269323b3
2023,2023-10-23,NG=F,Nat Gas,nat_gas,long,2.958,2.77446,3.14154,3.32508,3.50862,1.0,2.0,WIN,3.0,1,3.0,3.0,standard,7.6,d71b076591
2023,2023-12-11,EURUSD=X,EUR/USD,forex,short,1.05834,1.10431,1.01236,0.96639,0.92042,1.0,2.0,LOSS,,2,0.0,-1.0,standard,4.1,74a0623d89
2023,2023-12-11,RTY=F,Russell 2000,equity_indices,long,1786.25,1638.74154,1933.75846,2081.26692,2228.77538,1.0,2.0,WIN,1.0,1,1.0,1.0,anticipatory,9.7,d2ade9cf3c
2023,2023-12-18,EURUSD=X,EUR/USD,forex,short,1.0868,1.14103,1.03258,0.97835,0.92413,1.0,2.0,OPEN,,0,0.83,0.0,standard,4.1,03329c1bb4
2024,2024-03-04,AAPL,Apple,equities,long,184.10392,178.1212,190.08664,196.06936,202.05208,1.0,2.0,LOSS,,1,0.0,-1.0,counter_trend,7.9,81f5b665a3
2024,2024-03-25,ZS=F,Soybeans,commodities,long,1173.25,1113.0275,1233.4725,1293.695,1353.9175,1.0,2.0,WIN,1.0,6,1.0,1.0,counter_trend,9.0,214aeaa691
2024,2024-04-22,ZC=F,Corn,commodities,long,437.9375,423.535,452.34,466.7425,481.145,1.0,2.0,WIN,1.0,1,1.0,1.0,standard,8.0,40359c503f
2024,2024-05-06,ZC=F,Corn,commodities,long,441.0,430.1325,451.8675,462.735,473.6025,1.0,2.0,WIN,2.0,1,2.0,2.0,standard,8.8,c91edeb66f
2024,2024-06-10,6E=F,Euro FX,forex,long,1.09585,1.06506,1.12664,1.15743,1.18822,1.0,2.0,LOSS,,22,0.78,-1.0,standard,8.2,22de6521f3
2024,2024-06-24,6S=F,CHF,forex,long,1.12183,1.10375,1.1399,1.15797,1.17605,1.0,2.0,WIN,1.0,3,1.0,1.0,standard,9.2,a88927a7b3
2024,2024-07-01,6A=F,AUD,forex,short,0.66274,0.67238,0.6531,0.64346,0.63381,1.0,2.0,LOSS,,1,0.0,-1.0,standard,8.0,f755e1ab69
2024,2024-07-08,EURUSD=X,EUR/USD,forex,short,1.0797,1.09418,1.06522,1.05073,1.03625,1.0,2.0,LOSS,,1,0.0,-1.0,standard,4.7,b4868c995b
2024,2024-08-12,PL=F,Platinum,precious_metals,long,954.09998,935.08099,973.11896,992.13794,1011.15693,1.0,2.0,WIN,1.0,1,1.0,1.0,standard,7.2,d427b64321
2024,2024-09-30,BTC-USD,Bitcoin,crypto,long,65856.58767,61639.16551,70074.00984,74291.432,78508.85416,1.0,2.0,LOSS,,1,0.0,-1.0,anticipatory,7.7,d575aed817
2024,2024-09-30,PA=F,Palladium,precious_metals,long,932.14999,877.81452,986.48546,1040.82094,1095.15641,1.0,2.0,WIN,2.0,1,2.0,2.0,standard,8.7,ce182d315c
2024,2024-09-30,PL=F,Platinum,precious_metals,short,961.5,1037.44297,885.55703,809.61406,733.6711,1.0,2.0,LOSS,,4,0.0,-1.0,anticipatory,8.9,adc7446664
2024,2024-10-14,CL=F,Crude Oil,energies,long,72.1,64.4259,79.77409,87.44819,95.12229,1.0,2.0,WIN,1.0,13,1.0,1.0,standard,7.8,e4b5bc216c
2024,2024-10-14,ETH-USD,Ethereum,crypto,long,2654.35498,2197.72987,3110.98009,3567.6052,4024.2303,1.0,2.0,WIN,1.0,3,1.0,1.0,standard,9.6,972c24a4c5
2024,2024-10-21,6E=F,Euro FX,forex,long,1.0884,1.06805,1.10875,1.1291,1.14945,1.0,2.0,LOSS,,3,0.0,-1.0,standard,7.9,31901eab70
2024,2024-10-21,ZB=F,30Y Bond,interest_rates,long,120.83947,119.38875,122.29019,123.74091,125.19162,1.0,2.0,LOSS,,1,0.0,-1.0,standard,8.4,a0068c87ef
2024,2024-11-25,6B=F,GBP,forex,long,1.2862,1.24351,1.32889,1.37159,1.41428,1.0,2.0,LOSS,,5,0.0,-1.0,standard,8.3,ec460c4e57
2024,2024-11-25,GBPUSD=X,GBP/USD,forex,long,1.27331,1.2602,1.28642,1.29952,1.31263,1.0,2.0,LOSS,,3,0.1,-1.0,standard,4.5,483b38e81f
2024,2024-12-09,ZN=F,10Y Note,interest_rates,long,111.23612,110.18984,112.28241,113.32869,114.37497,1.0,2.0,LOSS,,1,0.0,-1.0,standard,8.3,7a7d3d6785
2024,2024-12-23,CT=F,Cotton,commodities,long,73.57,65.4703,81.6697,89.76939,97.86908,1.0,2.0,LOSS,,6,0.0,-1.0,standard,8.7,baff80d563
2025,2025-01-06,6S=F,CHF,forex,long,1.11035,1.08914,1.13156,1.15278,1.17399,1.0,2.0,WIN,1.0,8,1.0,1.0,standard,8.3,f5866e2a60
2025,2025-02-10,SB=F,Sugar,soft_commodities,long,19.32,18.6417,19.9983,20.6766,21.3549,1.0,2.0,WIN,2.0,1,2.0,2.0,standard,8.3,a28a254160
2025,2025-02-24,ZW=F,Wheat,commodities,long,570.25,537.8775,602.6225,634.995,667.3675,1.0,2.0,LOSS,,1,0.0,-1.0,standard,8.9,1994f62114
2025,2025-03-03,CC=F,Cocoa,soft_commodities,long,8163.0,7769.32,8556.68,8950.36,9344.04,1.0,2.0,LOSS,,1,0.0,-1.0,standard,8.2,9c89a083d3
2025,2025-03-03,SB=F,Sugar,soft_commodities,long,18.32,17.9343,18.7057,19.0914,19.4771,1.0,2.0,WIN,2.0,1,2.0,2.0,standard,8.5,c73aedd888
2025,2025-03-24,NVDA,NVIDIA,equities,long,121.1,109.1511,133.0489,144.99779,156.94669,1.0,2.0,LOSS,,1,0.0,-1.0,standard,7.4,93ff03ada9
2025,2025-04-07,KC=F,Coffee,soft_commodities,short,377.175,403.01426,351.33575,325.49649,299.65724,1.0,2.0,OPEN,,0,0.0,0.0,standard,8.8,44d2b36e38
2025,2025-04-14,AAPL,Apple,equities,long,225.84562,213.1313,238.55993,251.27425,263.98857,1.0,2.0,LOSS,,1,0.0,-1.0,standard,7.8,4bd297acd9
2025,2025-04-21,CC=F,Cocoa,soft_commodities,long,8508.5,7377.48,9639.52,10770.54,11901.56,1.0,2.0,WIN,2.0,3,2.0,2.0,standard,8.2,ad2db08d23
2025,2025-04-28,CC=F,Cocoa,soft_commodities,long,8290.5,7593.005,8987.995,9685.49,10382.985,1.0,2.0,WIN,1.0,1,1.0,1.0,standard,8.7,3ffb2f324c
2025,2025-05-05,CT=F,Cotton,commodities,long,72.46,67.7917,77.1283,81.7966,86.46491,1.0,2.0,LOSS,,1,0.0,-1.0,standard,8.4,a99e40cceb
2025,2025-05-19,HO=F,Heating Oil,energies,long,2.12925,1.9055,2.353,2.57675,2.8005,1.0,2.0,WIN,1.0,3,1.0,1.0,standard,8.7,890ecf1a08
2025,2025-06-02,PA=F,Palladium,precious_metals,long,988.59998,969.97998,1007.21998,1025.83998,1044.45998,1.0,2.0,WIN,3.0,1,3.0,3.0,standard,7.5,bd6b8f45e3
2025,2025-07-07,CT=F,Cotton,commodities,long,67.49,63.9522,71.02779,74.56559,78.10338,1.0,2.0,LOSS,,11,0.0,-1.0,standard,7.9,6f8ee23916
2025,2025-10-27,ZB=F,30Y Bond,interest_rates,long,117.21875,115.54656,118.89094,120.56312,122.23531,1.0,2.0,LOSS,,6,0.39,-1.0,standard,8.0,ef45894152
2025,2025-12-22,AUDUSD=X,AUD/USD,forex,short,0.65962,0.66307,0.65617,0.65271,0.64926,1.0,2.0,LOSS,,1,0.0,-1.0,standard,4.3,d196b8ef9d
2026,2026-01-12,CT=F,Cotton,commodities,short,64.89,67.417,62.363,59.83599,57.30899,1.0,2.0,WIN,1.0,3,1.0,1.0,anticipatory,7.4,4c726c1784
2026,2026-01-19,6C=F,CAD,forex,short,0.72477,0.72843,0.72112,0.71747,0.71382,1.0,2.0,LOSS,,1,0.0,-1.0,standard,9.2,31b64ccfed
2026,2026-01-19,META,Meta,equities,long,647.74708,631.96457,663.52958,679.31209,695.0946,1.0,2.0,WIN,3.0,1,3.0,3.0,standard,7.9,b9ded1f4cc
2026,2026-01-26,6J=F,JPY,forex,long,0.00642,0.00635,0.00649,0.00656,0.00663,1.01,2.01,WIN,2.0,2,2.01,2.0,standard,8.5,cae5fd9e1a
2026,2026-01-26,USDJPY=X,USD/JPY,forex,short,157.80703,159.59026,156.02381,154.24058,152.45736,1.0,2.0,WIN,1.0,1,1.0,1.0,standard,4.0,39179cbac9
2026,2026-02-02,NG=F,Nat Gas,nat_gas,long,3.476,2.70061,4.25139,5.02678,5.80217,1.0,2.0,LOSS,,9,0.0,-1.0,standard,8.4,64f0706742
2026,2026-02-09,KC=F,Coffee,soft_commodities,short,343.5,385.86549,301.13451,258.76902,216.40353,1.0,2.0,OPEN,,0,0.0,0.0,standard,9.3,f9ea33b8f9
2026,2026-02-23,KC=F,Coffee,soft_commodities,short,349.45019,380.05749,318.84289,288.23559,257.62829,1.0,2.0,OPEN,,0,0.0,0.0,standard,9.3,7bd11a538b
2026,2026-03-09,ZB=F,30Y Bond,interest_rates,long,116.3125,113.41438,119.21062,122.10875,125.00687,1.0,2.0,LOSS,,1,0.0,-1.0,standard,7.4,e1bd9b8019
2026,2026-03-16,6B=F,GBP,forex,long,1.34384,1.31962,1.36806,1.39228,1.4165,1.0,2.0,LOSS,,2,0.0,-1.0,standard,8.2,7ad0e454cd
2026,2026-03-16,ETH-USD,Ethereum,crypto,long,2070.16693,1749.50588,2390.82798,2711.48903,3032.15008,1.0,2.0,WIN,1.0,4,1.0,1.0,standard,9.1,f5c3589294
2026,2026-03-16,ZN=F,10Y Note,interest_rates,long,112.75,112.29609,113.20391,113.65781,114.11172,1.0,2.0,LOSS,,1,0.0,-1.0,standard,8.4,63be974e19
2026,2026-03-23,GC=F,Gold,precious_metals,short,5072.62249,5187.95706,4957.28792,4841.95335,4726.61878,1.0,2.0,WIN,3.0,1,3.0,3.0,standard,9.3,c9772474ba
2026,2026-04-06,META,Meta,equities,long,648.75,477.85831,819.64169,990.53337,1161.42506,1.0,2.0,OPEN,,0,0.23,0.0,anticipatory,8.4,f7446df7c6
2026,2026-04-06,SB=F,Sugar,soft_commodities,long,14.685,13.76525,15.60475,16.5245,17.44425,1.0,2.0,LOSS,,1,0.0,-1.0,standard,9.1,5926f28252
2026,2026-04-13,6C=F,CAD,forex,short,0.72887,0.73213,0.72561,0.72236,0.7191,1.0,2.0,LOSS,,1,0.0,-1.0,standard,8.8,488a4f442b
2026,2026-04-13,BTC-USD,Bitcoin,crypto,long,70608.05078,63865.26437,77350.83719,84093.62359,90836.41,1.0,2.0,WIN,1.0,1,1.0,1.0,standard,8.7,3c0857e6fc
2026,2026-04-20,6J=F,JPY,forex,long,0.00637,0.00626,0.00647,0.00658,0.00668,1.0,2.01,LOSS,,1,0.0,-1.0,standard,8.0,4a0f154dfb
2026,2026-04-20,ZN=F,10Y Note,interest_rates,long,111.97123,110.88266,113.05981,114.14839,115.23697,1.0,2.0,LOSS,,1,0.0,-1.0,standard,8.7,d05d05f8ee
2026,2026-05-04,ZB=F,30Y Bond,interest_rates,long,115.02116,113.03594,117.00638,118.99159,120.97681,1.0,2.0,LOSS,,1,0.0,-1.0,standard,7.4,5fb4ac9b31
